,Avg Stars,Route,Route Type,Rating,Pitches,Length,Boulder Face,Boulder,Sub-Area,Area,Mountain Region,Mountain,State,Area Latitude,Area Longitude
0,2.3,Rob's Seam,Boulder,V4,1,15.0,,Tribe Called Conquest Boulder,,Conquest Ridge,The Tramway,San Jacinto Mountains,California,33.813359999999996,-116.65018
1,1.0,Don's Dyno (No. 3),Boulder,V4,1,15.0,,Tribe Called Conquest Boulder,,Conquest Ridge,The Tramway,San Jacinto Mountains,California,33.813359999999996,-116.65018
2,4.0,Tribe Called Conquest,Boulder,V5+ R,1,20.0,,Tribe Called Conquest Boulder,,Conquest Ridge,The Tramway,San Jacinto Mountains,California,33.813359999999996,-116.65018
3,2.0,Conquest Direct,Boulder,V7 R,1,20.0,,Tribe Called Conquest Boulder,,Conquest Ridge,The Tramway,San Jacinto Mountains,California,33.813359999999996,-116.65018
4,3.6,Standing on the Head of the Dragon,Boulder,V4,1,30.0,,Dragon's Head,,Conquest Ridge,The Tramway,San Jacinto Mountains,California,33.813629999999996,-116.65063
5,1.0,Clawing at the Belly of the Beast,Boulder,V8,1,9.0,,Dragon's Head,,Conquest Ridge,The Tramway,San Jacinto Mountains,California,33.813629999999996,-116.65063
6,1.0,Treebeard,Boulder,V1,1,15.0,,Treebeard Boulder,,Conquest Ridge,The Tramway,San Jacinto Mountains,California,33.813559999999995,-116.64603000000001
7,3.1,"Crouching Tiger, Hidden Dragon",Boulder,V7-,1,15.0,,Crouching Tiger,Hidden Dragon Boulder,Conquest Ridge,The Tramway,San Jacinto Mountains,California,33.8128,-116.65002
8,3.8,White Flight,Boulder,V3- PG13,1,20.0,,White Flight Boulder,,Conquest Ridge,The Tramway,San Jacinto Mountains,California,33.81366,-116.64963
9,3.7,Shades of the Oldschool,Boulder,V2 R,1,25.0,,Green Tea Boulder,,Conquest Ridge,The Tramway,San Jacinto Mountains,California,33.81393,-116.64931999999999
10,3.0,Green Tea Arête,Boulder,V4,1,18.0,,Green Tea Boulder,,Conquest Ridge,The Tramway,San Jacinto Mountains,California,33.81393,-116.64931999999999
12,4.0,Solitude (stand),Boulder,V7,1,13.0,,Lone Boulder,,Conquest Ridge,The Tramway,San Jacinto Mountains,California,33.81349,-116.64906
13,3.0,Crack-Mantel-Sap,Boulder,V9 R,1,20.0,,Lone Boulder,,Conquest Ridge,The Tramway,San Jacinto Mountains,California,33.81349,-116.64906
14,3.0,Solitude sit,Boulder,V10,1,13.0,,Wave Boulders,,Conquest Ridge,The Tramway,San Jacinto Mountains,California,33.81349,-116.64906
15,1.0,Campus Problem,Boulder,V1-2,1,8.0,,Wave Boulders,,Conquest Ridge,The Tramway,San Jacinto Mountains,California,33.81317,-116.6498
16,1.5,Unnamed Arete,Boulder,V3,1,10.0,,Wave Boulders,,Conquest Ridge,The Tramway,San Jacinto Mountains,California,33.81317,-116.6498
17,2.0,Nada III,Boulder,V3,1,10.0,,Wave Boulders,,Conquest Ridge,The Tramway,San Jacinto Mountains,California,33.81317,-116.6498
18,2.5,The Wave,Boulder,V5,1,9.0,,Wave Boulders,,Conquest Ridge,The Tramway,San Jacinto Mountains,California,33.81317,-116.6498
19,1.0,The Rasp,Boulder,V6,1,10.0,,Ranger Station Rock 3,Ranger Station Rocks,Long Valley,The Tramway,San Jacinto Mountains,California,33.81317,-116.6498
22,1.5,Tourist Trophy,Boulder,V-easy,1,15.0,,Ranger Station Rock 3,Ranger Station Rocks,Long Valley,The Tramway,San Jacinto Mountains,California,33.81273,-116.64341
23,1.6,Tourist Zone,Boulder,V0+,1,15.0,,Ranger Station Rock 3,Ranger Station Rocks,Long Valley,The Tramway,San Jacinto Mountains,California,33.81273,-116.64341
24,2.1,Trail Rail,Boulder,V1,1,15.0,,Ranger Station Rock 3,Ranger Station Rocks,Long Valley,The Tramway,San Jacinto Mountains,California,33.81273,-116.64341
25,0.0,CMMRP,Boulder,V2-,1,7.0,,Ranger Station Rock 3,Ranger Station Rocks,Long Valley,The Tramway,San Jacinto Mountains,California,33.81273,-116.64341
26,1.9,Tourist Remover,Boulder,V3+,1,15.0,,Ranger Station Rock  2,Ranger Station Rocks,Long Valley,The Tramway,San Jacinto Mountains,California,33.81273,-116.64341
27,1.3,Just Another Trailside Attraction,Boulder,V4,1,15.0,,Ranger Station Rock  2,Ranger Station Rocks,Long Valley,The Tramway,San Jacinto Mountains,California,33.81273,-116.64341
28,2.6,Trailside Tango,Boulder,V4,1,15.0,,Ranger Station Rock  2,Ranger Station Rocks,Long Valley,The Tramway,San Jacinto Mountains,California,33.81273,-116.64341
29,1.3,Trailside Traverse,Boulder,V-easy,1,20.0,,Ranger Station Rock  2,Ranger Station Rocks,Long Valley,The Tramway,San Jacinto Mountains,California,33.812529999999995,-116.64336999999999
30,1.6,Tourist Treat,Boulder,V0,1,12.0,,Ranger Station Rock  2,Ranger Station Rocks,Long Valley,The Tramway,San Jacinto Mountains,California,33.812529999999995,-116.64336999999999
31,1.6,Tourist Trap,Boulder,V0+,1,15.0,,Ranger Station Rock  2,Ranger Station Rocks,Long Valley,The Tramway,San Jacinto Mountains,California,33.812529999999995,-116.64336999999999
32,2.1,Slab Problem,Boulder,V1,1,15.0,,Ranger Station Rock 1,Ranger Station Rocks,Long Valley,The Tramway,San Jacinto Mountains,California,33.812529999999995,-116.64336999999999
34,2.7,Side Show,Boulder,V4+,1,20.0,,Ranger Station Rock 1,Ranger Station Rocks,Long Valley,The Tramway,San Jacinto Mountains,California,33.812529999999995,-116.64336999999999
35,3.0,Road Kill,Boulder,V8,1,15.0,,Ranger Station Rock 1,Ranger Station Rocks,Long Valley,The Tramway,San Jacinto Mountains,California,33.812529999999995,-116.64336999999999
36,1.0,The Crumby Route,Boulder,V-easy,1,8.0,,Ranger Station Rock 1,Ranger Station Rocks,Long Valley,The Tramway,San Jacinto Mountains,California,33.812529999999995,-116.64336999999999
37,1.7,Inside Moves,Boulder,V-easy,1,12.0,,Ranger Station Rock 1,Ranger Station Rocks,Long Valley,The Tramway,San Jacinto Mountains,California,33.812529999999995,-116.64336999999999
38,1.5,Floyd E. Queeb,Boulder,V0,1,12.0,,Ranger Station Rock 1,Ranger Station Rocks,Long Valley,The Tramway,San Jacinto Mountains,California,33.812529999999995,-116.64336999999999
39,1.0,Dynamo Hum,Boulder,V0,1,12.0,,Ranger Station Rock 1,Ranger Station Rocks,Long Valley,The Tramway,San Jacinto Mountains,California,33.812529999999995,-116.64336999999999
40,1.0,It's Another Route,Boulder,V0,1,12.0,,Ranger Station Rock 1,Ranger Station Rocks,Long Valley,The Tramway,San Jacinto Mountains,California,33.812529999999995,-116.64336999999999
41,1.0,Blind Hog,Boulder,V1,1,12.0,,Boulder Cluster,Ranger Station Rocks,Long Valley,The Tramway,San Jacinto Mountains,California,33.812529999999995,-116.64336999999999
42,2.0,Fire' Farts,Boulder,V1,1,12.0,,Boulder Cluster,Ranger Station Rocks,Long Valley,The Tramway,San Jacinto Mountains,California,33.812529999999995,-116.64336999999999
43,1.0,Play Off,Boulder,V2,1,12.0,,Boulder Cluster,Ranger Station Rocks,Long Valley,The Tramway,San Jacinto Mountains,California,33.812529999999995,-116.64336999999999
44,1.0,The 19th Hole,Boulder,V4,1,10.0,,Mantle Midget Boulder,Ranger Station Rocks,Long Valley,The Tramway,San Jacinto Mountains,California,33.812529999999995,-116.64336999999999
45,2.0,Don't Rock the Boat,Boulder,V-easy PG13,1,15.0,,Boulder,Ranger Station Rocks,Long Valley,The Tramway,San Jacinto Mountains,California,33.812529999999995,-116.64336999999999
46,1.0,Funky Toe'n,Boulder,V0,1,15.0,,Chimney Rock,,Long Valley,The Tramway,San Jacinto Mountains,California,33.812529999999995,-116.64336999999999
48,1.0,Trilogy,Boulder,V3,1,15.0,,Chimney Rock,,Long Valley,The Tramway,San Jacinto Mountains,California,33.812529999999995,-116.64336999999999
49,1.8,Mantle Midget,Boulder,V3,1,8.0,,Chimney Rock,,Long Valley,The Tramway,San Jacinto Mountains,California,33.812529999999995,-116.64336999999999
51,2.5,Unnamed,Boulder,V3,1,13.0,,Chimney Rock,,Long Valley,The Tramway,San Jacinto Mountains,California,33.812529999999995,-116.64336999999999
52,2.4,Center Crack,Boulder,V0,1,12.0,,Vanishing Point Boulder,,Long Valley,The Tramway,San Jacinto Mountains,California,33.812709999999996,-116.64176
53,2.0,Highball Jugs,Boulder,V0 R,1,20.0,,Vanishing Point Boulder,,Long Valley,The Tramway,San Jacinto Mountains,California,33.812709999999996,-116.64176
54,1.5,Right Arête,Boulder,V1,1,10.0,,Vanishing Point Boulder,,Long Valley,The Tramway,San Jacinto Mountains,California,33.812709999999996,-116.64176
55,1.9,Dyno Problem,Boulder,V2,1,8.0,,Vanishing Point Boulder,,Long Valley,The Tramway,San Jacinto Mountains,California,33.812709999999996,-116.64176
56,2.0,Moldy Cheese,Boulder,V2,1,15.0,,Merope Boulder,Pleiades,Long Valley,The Tramway,San Jacinto Mountains,California,33.812709999999996,-116.64176
57,2.0,Chimney Rock Traverse,Boulder,V3,1,20.0,,Merope Boulder,Pleiades,Long Valley,The Tramway,San Jacinto Mountains,California,33.812709999999996,-116.64176
58,2.7,The Honey Pots,Boulder,V2,1,12.0,,Merope Boulder,Pleiades,Long Valley,The Tramway,San Jacinto Mountains,California,33.812709999999996,-116.64176
59,2.9,Flight of Osirus,Boulder,V6,1,12.0,,Merope Boulder,Pleiades,Long Valley,The Tramway,San Jacinto Mountains,California,33.812709999999996,-116.64176
60,3.5,Snowblind,Boulder,V8,1,14.0,,Alcyone Boulder,Pleiades,Long Valley,The Tramway,San Jacinto Mountains,California,33.812709999999996,-116.64176
61,3.9,Vanishing Point,Boulder,V9,1,16.0,,Electra,Pleiades,Long Valley,The Tramway,San Jacinto Mountains,California,33.812709999999996,-116.64176
62,1.6,Left,Boulder,V1,1,12.0,,Tuna Juice Area,,Long Valley,The Tramway,San Jacinto Mountains,California,33.812709999999996,-116.64176
63,1.8,Center,Boulder,V1,1,12.0,,Tuna Juice Area,,Long Valley,The Tramway,San Jacinto Mountains,California,33.812709999999996,-116.64176
64,2.4,Pleione,Boulder,V2,1,15.0,,Tuna Juice Area,,Long Valley,The Tramway,San Jacinto Mountains,California,33.812709999999996,-116.64176
65,2.7,Atlas,Boulder,V3,1,12.0,,Satellite Boulder Cluster,,Long Valley,The Tramway,San Jacinto Mountains,California,33.812709999999996,-116.64176
66,1.7,Alcyone,Boulder,V0-,1,12.0,,Mutiny Boulder,,Long Valley,The Tramway,San Jacinto Mountains,California,33.812709999999996,-116.64176
67,2.0,Electra,Boulder,V3-,1,8.0,,Mutiny Boulder,,Long Valley,The Tramway,San Jacinto Mountains,California,33.81283,-116.64425
68,3.0,Unknown,Boulder,V4,1,10.0,,Re-Animation Boulder,,Long Valley,The Tramway,San Jacinto Mountains,California,33.812709999999996,-116.64176
69,2.8,Tuna Juice,Boulder,V6,1,10.0,,Re-Animation Boulder,,Long Valley,The Tramway,San Jacinto Mountains,California,33.812709999999996,-116.64176
70,2.0,Starkist,Boulder,V6,1,10.0,,Re-Animation Boulder,,Long Valley,The Tramway,San Jacinto Mountains,California,33.812709999999996,-116.64176
71,2.0,Unnamed V3,Boulder,V3,1,10.0,,Goldstone,,Long Valley,The Tramway,San Jacinto Mountains,California,33.812709999999996,-116.64176
72,2.0,Plank Walk,Boulder,V4,1,20.0,,Goldstone,,Long Valley,The Tramway,San Jacinto Mountains,California,33.812709999999996,-116.64176
73,2.7,Mutiny,Boulder,V7,1,10.0,,Gold Rush Boulder,,Long Valley,The Tramway,San Jacinto Mountains,California,33.812709999999996,-116.64176
74,2.4,Unnamed,Boulder,V3-4,1,10.0,,Gold Rush Boulder,,Long Valley,The Tramway,San Jacinto Mountains,California,33.81228,-116.64355
75,2.0,NippleShredder,Boulder,V5,1,10.0,,Frank's Boulder,,Trailside Boulders,The Tramway,San Jacinto Mountains,California,33.81228,-116.64355
76,2.4,Slot Machine AKA Re-Animator,Boulder,V6,1,10.0,,Frank's Boulder,,Trailside Boulders,The Tramway,San Jacinto Mountains,California,33.81228,-116.64355
78,3.0,Gold Corner,Boulder,V0,1,14.0,,Frank's Boulder,,Trailside Boulders,The Tramway,San Jacinto Mountains,California,33.81354,-116.64436
79,1.0,Goldie,Boulder,V2,1,14.0,,Frank's Boulder,,Trailside Boulders,The Tramway,San Jacinto Mountains,California,33.81354,-116.64436
80,2.0,Gold Rush,Boulder,V4,1,11.0,,Frank's Boulder,,Trailside Boulders,The Tramway,San Jacinto Mountains,California,33.81142,-116.64181
81,2.0,Fool's Gold,Boulder,V5,1,11.0,,Frank's Boulder,,Trailside Boulders,The Tramway,San Jacinto Mountains,California,33.81142,-116.64181
82,2.4,Frank's Problem (variation),Boulder,V2,1,15.0,,Frank's Boulder,,Trailside Boulders,The Tramway,San Jacinto Mountains,California,33.81241,-116.64602
83,2.3,The Terminator,Boulder,V2,1,12.0,,Cross of Choss Boulder,,Trailside Boulders,The Tramway,San Jacinto Mountains,California,33.81241,-116.64602
84,2.3,Frank's Direct,Boulder,V3,1,15.0,,Mandala of Tram,,Trailside Boulders,The Tramway,San Jacinto Mountains,California,33.81241,-116.64602
85,3.0,Frank's Roof,Boulder,V3,1,10.0,,Mandala of Tram,,Trailside Boulders,The Tramway,San Jacinto Mountains,California,33.81241,-116.64602
86,2.9,Frank's Problem,Boulder,V4,1,15.0,,Mandala of Tram,,Trailside Boulders,The Tramway,San Jacinto Mountains,California,33.81241,-116.64602
87,2.4,Short Sloper Traverse,Boulder,V4,1,25.0,,E.Z. Boulder,,Trailside Boulders,The Tramway,San Jacinto Mountains,California,33.81241,-116.64602
88,2.3,Posse (Right Variation),Boulder,V6,1,12.0,,E.Z. Boulder,,Trailside Boulders,The Tramway,San Jacinto Mountains,California,33.81241,-116.64602
89,2.0,Hesitation Factor,Boulder,V7,1,8.0,,E.Z. Boulder,,Trailside Boulders,The Tramway,San Jacinto Mountains,California,33.81241,-116.64602
90,0.5,Bedroom Smackdown,Boulder,V5-,1,14.0,,E.Z. Boulder,,Trailside Boulders,The Tramway,San Jacinto Mountains,California,33.81257,-116.64636000000002
91,1.7,Problem C,Boulder,V1,1,8.0,,Angus Boulder,,Trailside Boulders,The Tramway,San Jacinto Mountains,California,33.8126,-116.6454
92,1.0,Problem B,Boulder,V2,1,10.0,,Angus Boulder,,Trailside Boulders,The Tramway,San Jacinto Mountains,California,33.8126,-116.6454
93,2.3,Problem A,Boulder,V3,1,10.0,,Angus Boulder,,Trailside Boulders,The Tramway,San Jacinto Mountains,California,33.8126,-116.6454
97,1.0,Mantel Problem,Boulder,V-easy,1,12.0,,Seven Boulder,,Trailside Boulders,The Tramway,San Jacinto Mountains,California,33.8124,-116.6454
98,1.8,E.Z Flake,Boulder,V-easy,1,12.0,,Seven Boulder,,Trailside Boulders,The Tramway,San Jacinto Mountains,California,33.8124,-116.6454
100,2.0,E.Z Right,Boulder,V2 PG13,1,18.0,,Morgan Boulder,The Pit and the Pendulum Cove,Trailside Boulders,The Tramway,San Jacinto Mountains,California,33.8124,-116.6454
101,2.0,One Handed Mantle,Boulder,V5,1,12.0,,Morgan Boulder,The Pit and the Pendulum Cove,Trailside Boulders,The Tramway,San Jacinto Mountains,California,33.8124,-116.6454
103,2.2,Bonn Scott Memorial Face Problem,Boulder,V3-4,1,9.0,,Capillary Lockdown Boulder,The Pit and the Pendulum Cove,Trailside Boulders,The Tramway,San Jacinto Mountains,California,33.81222,-116.64633
104,2.7,Mangus,Boulder,V5,1,10.0,,Pit and the Pendulum Boulder,The Pit and the Pendulum Cove,Trailside Boulders,The Tramway,San Jacinto Mountains,California,33.81222,-116.64633
105,2.3,Malcolm,Boulder,V6,1,8.0,,Pit and the Pendulum Boulder,The Pit and the Pendulum Cove,Trailside Boulders,The Tramway,San Jacinto Mountains,California,33.81222,-116.64633
106,2.4,Angus,Boulder,V9,1,8.0,,Flaming Lip Boulder,,Trailside Boulders,The Tramway,San Jacinto Mountains,California,33.81222,-116.64633
107,3.0,Blacktop,Boulder,V4,1,12.0,,Flaming Lip Boulder,,Trailside Boulders,The Tramway,San Jacinto Mountains,California,33.81269,-116.64686999999999
108,2.1,Hoch Mantel,Boulder,V4,1,6.0,,Gluttony Boulder,,Trailside Boulders,The Tramway,San Jacinto Mountains,California,33.81289,-116.64658
109,2.0,Slitherin,Boulder,V5-,1,6.0,,Black Moon Boulder,,Trailside Boulders,The Tramway,San Jacinto Mountains,California,33.81289,-116.64658
110,2.5,Power of Seven,Boulder,V7,1,11.0,,Black Moon Boulder,,Trailside Boulders,The Tramway,San Jacinto Mountains,California,33.81289,-116.64658
111,3.0,Harry Pothead,Boulder,V8,1,10.0,,Black Moon Boulder,,Trailside Boulders,The Tramway,San Jacinto Mountains,California,33.81289,-116.64658
112,2.7,Morgan Arete,Boulder,V1,1,18.0,,Black Moon Boulder,,Trailside Boulders,The Tramway,San Jacinto Mountains,California,33.8128,-116.64705
113,2.0,Variation Morgans Arete,Boulder,V3-,1,18.0,,Black Moon Boulder,,Trailside Boulders,The Tramway,San Jacinto Mountains,California,33.8128,-116.64705
114,3.0,Bicycles and Tricycles,Boulder,V4,1,15.0,,Black Moon Boulder,,Trailside Boulders,The Tramway,San Jacinto Mountains,California,33.8128,-116.64705
115,2.7,Capillary Lockdown,Boulder,V4,1,12.0,,Yellow Bruce Lee Tags Boulder,,Trailside Boulders,The Tramway,San Jacinto Mountains,California,33.8127,-116.64701000000001
116,3.0,The Pit and the Pendulum,Boulder,V6,1,7.0,,Lightning Boulder,,Undiscovered Country,The Tramway,San Jacinto Mountains,California,33.81281,-116.64716999999999
117,2.9,Bush Pilot,Boulder,V8,1,7.0,,Knobby Boulder,,Undiscovered Country,The Tramway,San Jacinto Mountains,California,33.81281,-116.64716999999999
118,1.0,Flaming Lip,Boulder,V1,1,10.0,,Knobby Boulder,,Undiscovered Country,The Tramway,San Jacinto Mountains,California,33.81257,-116.64636000000002
119,2.0,Flaming Lip Traverse,Boulder,V2,1,10.0,,Black Cauldron Boulder,,Undiscovered Country,The Tramway,San Jacinto Mountains,California,33.81257,-116.64636000000002
120,3.9,Gluttony,Boulder,V8,1,14.0,,Black Cauldron Boulder,,Undiscovered Country,The Tramway,San Jacinto Mountains,California,33.81257,-116.64636000000002
121,-1.0,Unnamed  V2,Boulder,V2,1,18.0,,Black Cauldron Boulder,,Undiscovered Country,The Tramway,San Jacinto Mountains,California,33.81241,-116.6457
122,-1.0,Tram Pirates,Boulder,V3,1,18.0,,Cassieopeia Boulder,,Undiscovered Country,The Tramway,San Jacinto Mountains,California,33.81241,-116.6457
123,3.4,Black Moon,Boulder,V3 R,1,15.0,,Cassieopeia Boulder,,Undiscovered Country,The Tramway,San Jacinto Mountains,California,33.81241,-116.6457
124,3.0,Da Way,Boulder,V3,1,23.0,,Cassieopeia Boulder,,Undiscovered Country,The Tramway,San Jacinto Mountains,California,33.81241,-116.6457
125,-1.0,Done Dirt Cheap,Boulder,V5,1,15.0,,Cassieopeia Boulder,,Undiscovered Country,The Tramway,San Jacinto Mountains,California,33.81241,-116.6457
126,-1.0,Mulligan Stew,Boulder,V6,1,18.0,,Wormhole Boulder,,Undiscovered Country,The Tramway,San Jacinto Mountains,California,33.81241,-116.6457
127,1.0,Yellow Bruce Lee Tags (at the back of the gym),Boulder,V5,1,15.0,,Messylepica Boulder,,Undiscovered Country,The Tramway,San Jacinto Mountains,California,33.81257,-116.64635
128,3.9,Ride the Lightning,Boulder,V0+ R,1,30.0,,Messylepica Boulder,,Undiscovered Country,The Tramway,San Jacinto Mountains,California,33.82028,-116.63663000000001
129,1.0,Daddy's Little Helper,Boulder,V1,1,15.0,,Transportation Boulder,,Undiscovered Country,The Tramway,San Jacinto Mountains,California,33.82028,-116.63663000000001
130,2.0,Knobby Face,Boulder,V2-3,1,10.0,,Transportation Boulder,,Undiscovered Country,The Tramway,San Jacinto Mountains,California,33.82028,-116.63663000000001
131,2.3,Black Prince,Boulder,V3-,1,12.0,,Transportation Boulder,,Undiscovered Country,The Tramway,San Jacinto Mountains,California,33.82028,-116.63663000000001
132,2.8,Black Cauldron,Boulder,V4,1,12.0,,The Green Room,,Undiscovered Country,The Tramway,San Jacinto Mountains,California,33.82028,-116.63663000000001
133,1.0,Elasticity,Boulder,V5,1,12.0,,The Green Room,,Undiscovered Country,The Tramway,San Jacinto Mountains,California,33.82028,-116.63663000000001
134,1.5,Gemini,Boulder,V-easy,1,12.0,,Pietra Dura,,Undiscovered Country,The Tramway,San Jacinto Mountains,California,33.82028,-116.63663000000001
135,1.0,Cassieopeia,Boulder,V0,1,12.0,,Ebonic Woman,,Undiscovered Country,The Tramway,San Jacinto Mountains,California,33.82028,-116.63663000000001
136,1.5,Entropy,Boulder,V1,1,12.0,,Suicide Boulder,,Undiscovered Country,The Tramway,San Jacinto Mountains,California,33.82028,-116.63663000000001
137,1.0,Cepheus,Boulder,V2,1,12.0,,Suicide Boulder,,Undiscovered Country,The Tramway,San Jacinto Mountains,California,33.82028,-116.63663000000001
138,2.0,The Wormhole,Boulder,V3,1,15.0,,Suicide Boulder,,Undiscovered Country,The Tramway,San Jacinto Mountains,California,33.82028,-116.63663000000001
139,1.0,Messylepica,Boulder,V0,1,8.0,,Suicide Boulder,,Undiscovered Country,The Tramway,San Jacinto Mountains,California,33.82028,-116.63663000000001
140,2.0,Vulpecula,Boulder,V2,1,8.0,,The Wave Cave,,Undiscovered Country,The Tramway,San Jacinto Mountains,California,33.82028,-116.63663000000001
141,1.0,Metrolink,Boulder,V1+,1,15.0,,The Wave Cave,,Undiscovered Country,The Tramway,San Jacinto Mountains,California,33.82028,-116.63663000000001
142,1.0,The Underground,Boulder,V2-,1,12.0,,The Wave Cave,,Undiscovered Country,The Tramway,San Jacinto Mountains,California,33.82028,-116.63663000000001
143,3.0,British Rail,Boulder,V4,1,20.0,,The Wave Cave,,Undiscovered Country,The Tramway,San Jacinto Mountains,California,33.82028,-116.63663000000001
144,2.0,The Green Room,Boulder,V2,1,15.0,,Ricks Dyno Boulder,,Undiscovered Country,The Tramway,San Jacinto Mountains,California,33.82028,-116.63663000000001
145,1.0,The Longest Barrel Ride,Boulder,V3,1,15.0,,Deception Boulder,,Undiscovered Country,The Tramway,San Jacinto Mountains,California,33.82028,-116.63663000000001
146,1.0,Pietra Dura,Boulder,V-easy,1,10.0,,Deception Boulder,,Undiscovered Country,The Tramway,San Jacinto Mountains,California,33.82028,-116.63663000000001
147,2.5,Ebonic Woman,Boulder,V3,1,13.0,,JCVD (Jean Claud Van Dam) boulder,,Undiscovered Country,The Tramway,San Jacinto Mountains,California,33.82028,-116.63663000000001
148,2.0,Serpentine,Boulder,V0-,1,24.0,,JCVD (Jean Claud Van Dam) boulder,,Undiscovered Country,The Tramway,San Jacinto Mountains,California,33.82028,-116.63663000000001
149,3.0,White Stripe,Boulder,V2 PG13,1,24.0,,Waterlou Boulder,,Undiscovered Country,The Tramway,San Jacinto Mountains,California,33.82028,-116.63663000000001
150,2.2,The Singularity,Boulder,V5,1,14.0,,Colonel Angus Boulder,,Undiscovered Country,The Tramway,San Jacinto Mountains,California,33.82028,-116.63663000000001
151,4.0,Singularity Sit,Boulder,V8,1,14.0,,Colonel Angus Boulder,,Undiscovered Country,The Tramway,San Jacinto Mountains,California,33.82028,-116.63663000000001
152,1.0,The Maltese Chicken,Boulder,V2,1,14.0,,Jug or Not Boulder,,Undiscovered Country,The Tramway,San Jacinto Mountains,California,33.82028,-116.63663000000001
153,3.0,Unknown,Boulder,V5,1,10.0,,Soul Caliber Boulder,,Undiscovered Country,The Tramway,San Jacinto Mountains,California,33.82028,-116.63663000000001
154,2.0,"Fly, Robin Fly",Boulder,V6,1,8.0,,Soul Caliber Boulder,,Undiscovered Country,The Tramway,San Jacinto Mountains,California,33.82028,-116.63663000000001
155,2.4,Master Blaster,Boulder,V8,1,8.0,,My Infested Destiny Boulder,,Undiscovered Country,The Tramway,San Jacinto Mountains,California,33.82028,-116.63663000000001
156,1.5,Ricks Dyno,Boulder,V2,1,10.0,,Picasso's Prison Palace,,Undiscovered Country,The Tramway,San Jacinto Mountains,California,33.82028,-116.63663000000001
157,1.0,Ricki Ticki,Boulder,V4,1,10.0,,Creek Boulders,,Undiscovered Country,The Tramway,San Jacinto Mountains,California,33.82028,-116.63663000000001
158,2.0,Deception,Boulder,V7,1,10.0,,Creek Boulders,,Undiscovered Country,The Tramway,San Jacinto Mountains,California,33.82028,-116.63663000000001
159,2.3,Bolo,Boulder,V4-,1,16.0,,Flash Gordon Boulder,,Flash Gordon Area,The Tramway,San Jacinto Mountains,California,33.8076,-116.64724
160,2.6,JCVD (Jean Claud Van Dam),Boulder,V5-6,1,16.0,,Flash Gordon Boulder,,Flash Gordon Area,The Tramway,San Jacinto Mountains,California,33.8076,-116.64724
161,2.0,Waterlou,Boulder,V3,1,10.0,,Flash Gordon Boulder,,Flash Gordon Area,The Tramway,San Jacinto Mountains,California,33.81028,-116.64663
162,2.0,Colonel Angus Left,Boulder,V0,1,10.0,,Flash Gordon Boulder,,Flash Gordon Area,The Tramway,San Jacinto Mountains,California,33.82028,-116.63663000000001
163,2.0,Colonel Angus,Boulder,V3,1,10.0,,Flash Gordon Boulder,,Flash Gordon Area,The Tramway,San Jacinto Mountains,California,33.82028,-116.63663000000001
164,2.0,Jug or Not,Boulder,V4+,1,12.0,,Flash Gordon Boulder,,Flash Gordon Area,The Tramway,San Jacinto Mountains,California,33.82028,-116.63663000000001
166,2.0,Soul Caliber,Boulder,V7,1,14.0,,Moon Boulder,,Flash Gordon Area,The Tramway,San Jacinto Mountains,California,33.80999,-116.64837
167,3.0,The River Styx,Boulder,V8,1,14.0,,Moon Boulder,,Flash Gordon Area,The Tramway,San Jacinto Mountains,California,33.80999,-116.64837
168,3.9,My Infested Destiny,Boulder,V7,1,14.0,,Dike Boulder,,Flash Gordon Area,The Tramway,San Jacinto Mountains,California,33.807359999999996,-116.64809
169,3.0,Tree Attack,Boulder,V6,1,16.0,,Dike Boulder,,Flash Gordon Area,The Tramway,San Jacinto Mountains,California,33.810970000000005,-116.64678
170,2.0,Creek Problem,Boulder,V2-3,1,12.0,,Dike Boulder,,Flash Gordon Area,The Tramway,San Jacinto Mountains,California,33.811240000000005,-116.64542
171,3.0,Enough Snuff,Boulder,V7 R,1,15.0,,Dike Boulder,,Flash Gordon Area,The Tramway,San Jacinto Mountains,California,33.811240000000005,-116.64542
172,1.7,Space Crack,Boulder,V1,1,8.0,,Warm-Up Boulder,,Flash Gordon Area,The Tramway,San Jacinto Mountains,California,33.81345,-116.64506000000002
173,2.5,Buck Rogers,Boulder,V2,1,10.0,,Warm-Up Boulder,,Flash Gordon Area,The Tramway,San Jacinto Mountains,California,33.81345,-116.64506000000002
174,2.1,Buck Rodgers Variation,Boulder,V3,1,12.0,,Warm-Up Boulder,,Flash Gordon Area,The Tramway,San Jacinto Mountains,California,33.81345,-116.64506000000002
175,2.0,Flash Gordon,Boulder,V3,1,5.0,,Warm-Up Boulder,,Flash Gordon Area,The Tramway,San Jacinto Mountains,California,33.81345,-116.64506000000002
176,3.0,Chadinator,Boulder,V7,1,8.0,,Warm-Up Boulder,,Flash Gordon Area,The Tramway,San Jacinto Mountains,California,33.81345,-116.64506000000002
177,2.0,Flash Gordon Traverse (The Joshinator),Boulder,V8,1,25.0,,Warm-Up Boulder,,Flash Gordon Area,The Tramway,San Jacinto Mountains,California,33.81345,-116.64506000000002
178,2.3,Oceanus,Boulder,V-easy PG13,1,20.0,,Warm-Up Boulder,,Flash Gordon Area,The Tramway,San Jacinto Mountains,California,33.81351,-116.6451
180,2.4,Serpentine Ridge,Boulder,V0- R,1,20.0,,Warm-Up Boulder,,Flash Gordon Area,The Tramway,San Jacinto Mountains,California,33.81351,-116.6451
181,2.8,Sea of Tranquility,Boulder,V1 R,1,25.0,,Warm-Up Boulder,,Flash Gordon Area,The Tramway,San Jacinto Mountains,California,33.81351,-116.6451
182,2.0,Dike Line,Boulder,V-easy PG13,1,15.0,,Warm-Up Boulder,,Flash Gordon Area,The Tramway,San Jacinto Mountains,California,33.81348,-116.64501000000001
183,1.7,Rotting Cheese,Boulder,V0 PG13,1,15.0,,Creekin' Boulder,,Flash Gordon Area,The Tramway,San Jacinto Mountains,California,33.81348,-116.64501000000001
184,1.8,Dike Line Direct,Boulder,V1+ PG13,1,15.0,,Creekin' Boulder,,Flash Gordon Area,The Tramway,San Jacinto Mountains,California,33.81348,-116.64501000000001
185,2.0,Pinch Me,Boulder,V2 PG13,1,15.0,,Creekin' Boulder,,Flash Gordon Area,The Tramway,San Jacinto Mountains,California,33.81348,-116.64501000000001
186,2.0,Tree Problem,Boulder,V0-,1,12.0,,Creekin' Boulder,,Flash Gordon Area,The Tramway,San Jacinto Mountains,California,33.813140000000004,-116.64508000000001
187,1.6,Ledgestone,Boulder,V0,1,8.0,,Rufus Boulder,,Flash Gordon Area,The Tramway,San Jacinto Mountains,California,33.813140000000004,-116.64508000000001
188,1.7,Warmer-Upper Right,Boulder,V0,1,12.0,,Rufus Boulder,,Flash Gordon Area,The Tramway,San Jacinto Mountains,California,33.813140000000004,-116.64508000000001
189,2.0,Warmer-Upper Left,Boulder,V0,1,12.0,,The Chicken Shack,,Flash Gordon Area,The Tramway,San Jacinto Mountains,California,33.813140000000004,-116.64508000000001
190,2.0,Another Tree Problem,Boulder,V0+,1,15.0,,Excavation Boulder,,Flash Gordon Area,The Tramway,San Jacinto Mountains,California,33.813140000000004,-116.64508000000001
191,1.9,Slumpback of Notre Dame,Boulder,V1,1,12.0,,Excavation Boulder,,Flash Gordon Area,The Tramway,San Jacinto Mountains,California,33.813140000000004,-116.64508000000001
192,2.0,The Ledge,Boulder,V1,1,10.0,,Excavation Boulder,,Flash Gordon Area,The Tramway,San Jacinto Mountains,California,33.813140000000004,-116.64508000000001
193,1.8,The Ledge Traverse,Boulder,V1+,1,15.0,,Excavation Boulder,,Flash Gordon Area,The Tramway,San Jacinto Mountains,California,33.813140000000004,-116.64508000000001
194,1.8,Gumby Traverse,Boulder,V2,1,25.0,,Dead Tree Boulder,,Flash Gordon Area,The Tramway,San Jacinto Mountains,California,33.813140000000004,-116.64508000000001
195,1.5,Theatre of the Absurd,Boulder,V3,1,10.0,,Dead Tree Boulder,,Flash Gordon Area,The Tramway,San Jacinto Mountains,California,33.813140000000004,-116.64508000000001
196,1.2,The Uninspired,Boulder,V3,1,12.0,,Dead Tree Boulder,,Flash Gordon Area,The Tramway,San Jacinto Mountains,California,33.813140000000004,-116.64508000000001
197,1.7,Creekin',Boulder,V-easy,1,12.0,,Dead Tree Boulder,,Flash Gordon Area,The Tramway,San Jacinto Mountains,California,33.823609999999995,-116.63493999999999
198,1.0,Mystery Move,Boulder,V0,1,12.0,,Dead Tree Boulder,,Flash Gordon Area,The Tramway,San Jacinto Mountains,California,33.823609999999995,-116.63493999999999
199,2.0,Liquid Logic,Boulder,V0,1,10.0,,Rock Candy,,Flash Gordon Area,The Tramway,San Jacinto Mountains,California,33.823609999999995,-116.63493999999999
200,3.0,Creek Dyno,Boulder,V3,1,8.0,,Rock Candy,,Flash Gordon Area,The Tramway,San Jacinto Mountains,California,33.823609999999995,-116.63493999999999
201,1.0,Mulligan Crack,Boulder,V2+,1,12.0,,Rock Candy,,Flash Gordon Area,The Tramway,San Jacinto Mountains,California,33.81372,-116.64482
202,2.3,Rufus,Boulder,V5,1,12.0,,Rock Candy,,Flash Gordon Area,The Tramway,San Jacinto Mountains,California,33.81372,-116.64482
203,2.0,Kentucky Fried Brit,Boulder,V4,1,20.0,,Rock Candy,,Flash Gordon Area,The Tramway,San Jacinto Mountains,California,33.823609999999995,-116.63493999999999
204,2.0,Carlton's Variation,Boulder,V6,1,15.0,,Rock Candy,,Flash Gordon Area,The Tramway,San Jacinto Mountains,California,33.81459,-116.64566
205,2.0,Demolition Man,Boulder,V7,1,11.0,,Quinn's Boulder,,Flash Gordon Area,The Tramway,San Jacinto Mountains,California,33.81459,-116.64566
206,2.0,The Cavity,Boulder,V7,1,15.0,,Rhino Boulder,,Flash Gordon Area,The Tramway,San Jacinto Mountains,California,33.81459,-116.64566
207,2.0,Unnamed,Boulder,V8,1,12.0,,Abba Boulder (aka The Cube),Shangri-La,Shangri-La Valley,The Tramway,San Jacinto Mountains,California,33.81459,-116.64566
208,2.7,Super Chicken,Boulder,V1,1,10.0,,Abba Boulder (aka The Cube),Shangri-La,Shangri-La Valley,The Tramway,San Jacinto Mountains,California,33.81374,-116.64528
209,2.4,Tom Slick,Boulder,V2,1,8.0,,Abba Boulder (aka The Cube),Shangri-La,Shangri-La Valley,The Tramway,San Jacinto Mountains,California,33.81374,-116.64528
210,2.1,Unknown,Boulder,V3,1,12.0,,Abba Boulder (aka The Cube),Shangri-La,Shangri-La Valley,The Tramway,San Jacinto Mountains,California,33.81374,-116.64528
211,3.0,Super Slick,Boulder,V3,1,10.0,,March Boulder,Shangri-La,Shangri-La Valley,The Tramway,San Jacinto Mountains,California,33.81374,-116.64528
212,2.0,George of the Jungle,Boulder,V7,1,12.0,,March Boulder,Shangri-La,Shangri-La Valley,The Tramway,San Jacinto Mountains,California,33.81374,-116.64528
213,-1.0,Unnamed .8,Boulder,V-easy,1,12.0,,South Warm-up Boulder,Shangri-La,Shangri-La Valley,The Tramway,San Jacinto Mountains,California,33.823609999999995,-116.63493999999999
214,2.5,Rock Candy Arete,Boulder,V0,1,12.0,,South Warm-up Boulder,Shangri-La,Shangri-La Valley,The Tramway,San Jacinto Mountains,California,33.823609999999995,-116.63493999999999
215,-1.0,Nerds Rope,Boulder,V1,1,12.0,,South Warm-up Boulder,Shangri-La,Shangri-La Valley,The Tramway,San Jacinto Mountains,California,33.823609999999995,-116.63493999999999
216,1.0,Arete,Boulder,V3,1,15.0,,South Warm-up Boulder,Shangri-La,Shangri-La Valley,The Tramway,San Jacinto Mountains,California,33.823609999999995,-116.63493999999999
217,1.0,Umbra,Boulder,V5,1,10.0,,South Warm-up Boulder,Shangri-La,Shangri-La Valley,The Tramway,San Jacinto Mountains,California,33.823609999999995,-116.63493999999999
218,1.0,Misery,Boulder,V7,1,7.0,,South Warm-up Boulder,Shangri-La,Shangri-La Valley,The Tramway,San Jacinto Mountains,California,33.823609999999995,-116.63493999999999
219,3.0,Quinn's Dyno,Boulder,V1,1,10.0,,South Warm-up Boulder,Shangri-La,Shangri-La Valley,The Tramway,San Jacinto Mountains,California,33.8141,-116.64498999999999
220,2.0,The Rhino,Boulder,V7,1,16.0,,South Warm-up Boulder,Shangri-La,Shangri-La Valley,The Tramway,San Jacinto Mountains,California,33.813629999999996,-116.64461000000001
221,2.1,Mantle Problem,Boulder,V1-2,1,7.0,,South Warm-up Boulder,Shangri-La,Shangri-La Valley,The Tramway,San Jacinto Mountains,California,33.814409999999995,-116.64923999999999
222,1.0,Unnamed Crack,Boulder,V3-,1,10.0,,South Warm-up Boulder,Shangri-La,Shangri-La Valley,The Tramway,San Jacinto Mountains,California,33.814409999999995,-116.64923999999999
223,1.0,Unnamed Arete,Boulder,V4,1,10.0,,South Warm-up Boulder,Shangri-La,Shangri-La Valley,The Tramway,San Jacinto Mountains,California,33.814409999999995,-116.64923999999999
224,3.5,Dancing Queen (aka The Cube),Boulder,V5,1,15.0,,South Warm-up Boulder,Shangri-La,Shangri-La Valley,The Tramway,San Jacinto Mountains,California,33.814409999999995,-116.64923999999999
225,1.3,March Madness,Boulder,V1 R,1,18.0,,South Warm-up Boulder,Shangri-La,Shangri-La Valley,The Tramway,San Jacinto Mountains,California,33.81388,-116.64844
226,2.7,March Arete,Boulder,V2+,1,16.0,,South Warm-up Boulder,Shangri-La,Shangri-La Valley,The Tramway,San Jacinto Mountains,California,33.81388,-116.64844
227,1.3,Problem K,Boulder,V-easy,1,10.0,,Pebble Beach,Shangri-La,Shangri-La Valley,The Tramway,San Jacinto Mountains,California,33.81357,-116.64777
228,1.0,Problem L,Boulder,V-easy,1,10.0,,Pebble Beach,Shangri-La,Shangri-La Valley,The Tramway,San Jacinto Mountains,California,33.81357,-116.64777
229,1.3,Problem M,Boulder,V-easy,1,8.0,,Pebble Beach,Shangri-La,Shangri-La Valley,The Tramway,San Jacinto Mountains,California,33.81357,-116.64777
230,1.4,Problem F,Boulder,V-easy,1,10.0,,Flintstone Boulders,Shangri-La,Shangri-La Valley,The Tramway,San Jacinto Mountains,California,33.81357,-116.64777
231,1.0,Problem I,Boulder,V-easy,1,10.0,,Flintstone Boulders,Shangri-La,Shangri-La Valley,The Tramway,San Jacinto Mountains,California,33.81357,-116.64777
232,1.2,Problem G,Boulder,V-easy,1,10.0,,Flintstone Boulders,Shangri-La,Shangri-La Valley,The Tramway,San Jacinto Mountains,California,33.81357,-116.64777
233,1.7,Problem E,Boulder,V-easy PG13,1,10.0,,Boulder Cluster,Shangri-La,Shangri-La Valley,The Tramway,San Jacinto Mountains,California,33.81357,-116.64777
234,1.2,Problem J,Boulder,V0-,1,10.0,,Warm up Boulder,Shangri-La,Shangri-La Valley,The Tramway,San Jacinto Mountains,California,33.81357,-116.64777
236,1.2,Problem H,Boulder,V0-,1,10.0,,Warm up Boulder,Shangri-La,Shangri-La Valley,The Tramway,San Jacinto Mountains,California,33.81357,-116.64777
237,2.0,Problem A,Boulder,V0,1,12.0,,Warm up Boulder,Shangri-La,Shangri-La Valley,The Tramway,San Jacinto Mountains,California,33.81357,-116.64777
238,1.8,Problem D,Boulder,V0+ PG13,1,12.0,,Gold Crack Boulder/Which Way Jose,Shangri-La,Shangri-La Valley,The Tramway,San Jacinto Mountains,California,33.81357,-116.64777
239,1.0,Problem N,Boulder,V0+,1,12.0,,Gold Crack Boulder/Which Way Jose,Shangri-La,Shangri-La Valley,The Tramway,San Jacinto Mountains,California,33.81357,-116.64777
240,1.8,Problem B,Boulder,V1,1,12.0,,Gold Crack Boulder/Which Way Jose,Shangri-La,Shangri-La Valley,The Tramway,San Jacinto Mountains,California,33.81357,-116.64777
241,1.7,Problem C,Boulder,V3,1,12.0,,Gold Crack Boulder/Which Way Jose,Shangri-La,Shangri-La Valley,The Tramway,San Jacinto Mountains,California,33.81357,-116.64777
242,1.0,Pebble Beach,Boulder,V0,1,12.0,,Gold Crack Boulder/Which Way Jose,Shangri-La,Shangri-La Valley,The Tramway,San Jacinto Mountains,California,33.81439,-116.64728000000001
243,1.0,Blood,Boulder,V2,1,10.0,,Oblivion,Shangri-La,Shangri-La Valley,The Tramway,San Jacinto Mountains,California,33.81439,-116.64728000000001
244,1.0,Tyler's Problem,Boulder,V6,1,10.0,,Chad's Boulder,Shangri-La,Shangri-La Valley,The Tramway,San Jacinto Mountains,California,33.81439,-116.64728000000001
245,1.0,Barney Rubble,Boulder,V0 PG13,1,15.0,,Chad's Boulder,Shangri-La,Shangri-La Valley,The Tramway,San Jacinto Mountains,California,33.81355,-116.64813999999998
246,1.0,Bam Bam,Boulder,V1,1,12.0,,Butterscotch Rock,Shangri-La,Shangri-La Valley,The Tramway,San Jacinto Mountains,California,33.81355,-116.64813999999998
247,1.0,Cosmic Bowling,Boulder,V4,1,12.0,,Hueco Boulder,The Dance Floor,Shangri-La Valley,The Tramway,San Jacinto Mountains,California,33.81355,-116.64813999999998
248,3.6,Feel's like a Virgin,Boulder,V3 R,1,16.0,,Hueco Boulder,The Dance Floor,Shangri-La Valley,The Tramway,San Jacinto Mountains,California,33.81425,-116.64769
249,1.0,Warm up  2,Boulder,V0-,1,10.0,,Hueco Boulder,The Dance Floor,Shangri-La Valley,The Tramway,San Jacinto Mountains,California,33.81414,-116.64885
250,1.6,Warm up  3,Boulder,V0,1,15.0,,Breakdance Boulder,The Dance Floor,Shangri-La Valley,The Tramway,San Jacinto Mountains,California,33.81414,-116.64885
251,2.0,The World's Hardest V2,Boulder,V1,1,10.0,,Breakdance Boulder,The Dance Floor,Shangri-La Valley,The Tramway,San Jacinto Mountains,California,33.81414,-116.64885
252,1.0,Unknown v1,Boulder,V1,1,8.0,,Breakdance Boulder,The Dance Floor,Shangri-La Valley,The Tramway,San Jacinto Mountains,California,33.81414,-116.64885
253,2.3,Left Gold Crack,Boulder,V3,1,12.0,,Bitch Slap Boulder,The Dance Floor,Shangri-La Valley,The Tramway,San Jacinto Mountains,California,33.81446,-116.64983000000001
254,3.4,Right Gold Crack,Boulder,V5,1,12.0,,Bitch Slap Boulder,The Dance Floor,Shangri-La Valley,The Tramway,San Jacinto Mountains,California,33.81446,-116.64983000000001
255,2.0,Unnamed V7,Boulder,V7,1,12.0,,Bitch Slap Boulder,The Dance Floor,Shangri-La Valley,The Tramway,San Jacinto Mountains,California,33.81446,-116.64983000000001
256,3.0,Left Gold Crack (Sit),Boulder,V7,1,12.0,,Bitch Slap Boulder,The Dance Floor,Shangri-La Valley,The Tramway,San Jacinto Mountains,California,33.81446,-116.64983000000001
257,4.0,Which Way Jose,Boulder,V9,1,15.0,,Swing Dance Boulder,The Dance Floor,Shangri-La Valley,The Tramway,San Jacinto Mountains,California,33.81446,-116.64983000000001
258,1.7,Oblivion,Boulder,V7,1,7.0,,Swing Dance Boulder,The Dance Floor,Shangri-La Valley,The Tramway,San Jacinto Mountains,California,33.81315,-116.64724
259,1.0,Won't Back-Off,Boulder,V3,1,9.0,,Swing Dance Boulder,The Dance Floor,Shangri-La Valley,The Tramway,San Jacinto Mountains,California,33.81328,-116.64778000000001
260,1.0,Chad's Problem,Boulder,V6,1,7.0,,Swing Dance Boulder,The Dance Floor,Shangri-La Valley,The Tramway,San Jacinto Mountains,California,33.81328,-116.64778000000001
261,3.0,Butterscotch,Boulder,V6 R,1,15.0,,Swing Dance Boulder,The Dance Floor,Shangri-La Valley,The Tramway,San Jacinto Mountains,California,33.81488,-116.64786000000001
262,2.9,Hueco Shuffle,Boulder,V1,1,13.0,,El Diablo Boulder,The Dance Floor,Shangri-La Valley,The Tramway,San Jacinto Mountains,California,33.8159,-116.64911000000001
263,2.4,Hueco Shuffle - Left,Boulder,V2+,1,15.0,,El Diablo Boulder,The Dance Floor,Shangri-La Valley,The Tramway,San Jacinto Mountains,California,33.8159,-116.64911000000001
264,2.0,Hueco Shuffle - Direct,Boulder,V3,1,13.0,,Mystic Rhythms Boulder,The Dance Floor,Shangri-La Valley,The Tramway,San Jacinto Mountains,California,33.8159,-116.64911000000001
265,1.6,Samba,Boulder,V2+,1,10.0,,Mystic Rhythms Boulder,The Dance Floor,Shangri-La Valley,The Tramway,San Jacinto Mountains,California,33.8159,-116.64911000000001
266,2.5,Breakdance,Boulder,V3,1,10.0,,Flake Boulder,The Dance Floor,Shangri-La Valley,The Tramway,San Jacinto Mountains,California,33.8159,-116.64911000000001
267,1.9,La Bocha de  Boogy,Boulder,V3,1,12.0,,Flake Boulder,The Dance Floor,Shangri-La Valley,The Tramway,San Jacinto Mountains,California,33.8159,-116.64911000000001
268,2.1,Waltz,Boulder,V1,1,12.0,,Flake Boulder,The Dance Floor,Shangri-La Valley,The Tramway,San Jacinto Mountains,California,33.8159,-116.64911000000001
269,1.0,Last Man Standing,Boulder,V2,1,8.0,,Bowling Pin Boulder,The Dance Floor,Shangri-La Valley,The Tramway,San Jacinto Mountains,California,33.8159,-116.64911000000001
270,2.7,Poorman's Darkhorse (aka Dances with Trees),Boulder,V6,1,13.0,,Bowling Pin Boulder,The Dance Floor,Shangri-La Valley,The Tramway,San Jacinto Mountains,California,33.8159,-116.64911000000001
271,2.5,Bitch Slap,Boulder,V6,1,10.0,,Swedge Boulder,The Dance Floor,Shangri-La Valley,The Tramway,San Jacinto Mountains,California,33.8159,-116.64911000000001
272,2.2,Line Dance,Boulder,V1+,1,12.0,,Morgan Crack Boulder,The Dance Floor,Shangri-La Valley,The Tramway,San Jacinto Mountains,California,33.81573,-116.64921000000001
273,2.0,Square Dance,Boulder,V3-4,1,10.0,,Life/Death Boulders,The Dance Floor,Shangri-La Valley,The Tramway,San Jacinto Mountains,California,33.81573,-116.64921000000001
274,1.7,Busta Move,Boulder,V4,1,10.0,,Life/Death Boulders,The Dance Floor,Shangri-La Valley,The Tramway,San Jacinto Mountains,California,33.81573,-116.64921000000001
275,3.0,Soul Train,Boulder,V7,1,15.0,,Life/Death Boulders,The Dance Floor,Shangri-La Valley,The Tramway,San Jacinto Mountains,California,33.81573,-116.64921000000001
276,3.1,Swing Dance,Boulder,V7,1,15.0,,Life/Death Boulders,The Dance Floor,Shangri-La Valley,The Tramway,San Jacinto Mountains,California,33.81573,-116.64921000000001
277,2.5,Crack Line,Boulder,V2 PG13,1,15.0,,Blue Flame Boulder,The Beach,Shangri-La Valley,The Tramway,San Jacinto Mountains,California,33.81581,-116.64929
279,2.5,El Diablo,Boulder,V5 PG13,1,15.0,,Blue Flame Boulder,The Beach,Shangri-La Valley,The Tramway,San Jacinto Mountains,California,33.81581,-116.64929
280,-1.0,The Crusty Crab,Boulder,V3,1,8.0,,Blue Flame Boulder,The Beach,Shangri-La Valley,The Tramway,San Jacinto Mountains,California,33.8159,-116.64911000000001
281,2.9,Mystic Rhythms,Boulder,V6,1,10.0,,Blue Flame Boulder,The Beach,Shangri-La Valley,The Tramway,San Jacinto Mountains,California,33.8159,-116.64911000000001
282,1.0,Problem C,Boulder,V0,1,10.0,,Dyno Boulder,The Beach,Shangri-La Valley,The Tramway,San Jacinto Mountains,California,33.8159,-116.64911000000001
283,2.0,Problem B,Boulder,V2,1,12.0,,Paul's Rock,The Beach,Shangri-La Valley,The Tramway,San Jacinto Mountains,California,33.8159,-116.64911000000001
284,1.0,Problem A,Boulder,V2,1,12.0,,Paul's Rock,The Beach,Shangri-La Valley,The Tramway,San Jacinto Mountains,California,33.8159,-116.64911000000001
285,1.0,Problem A,Boulder,V0,1,10.0,,Tram Boulder,The Beach,Shangri-La Valley,The Tramway,San Jacinto Mountains,California,33.8159,-116.64911000000001
286,2.0,Split,Boulder,V3,1,15.0,,Tram Boulder,The Beach,Shangri-La Valley,The Tramway,San Jacinto Mountains,California,33.8159,-116.64911000000001
287,3.4,The Swedge,Boulder,V5,1,10.0,,Tram Boulder,The Beach,Shangri-La Valley,The Tramway,San Jacinto Mountains,California,33.81637,-116.64916000000001
290,2.7,Morgan Crack,Boulder,V0 PG13,1,25.0,,Swiss Cheese Boulder,The Beach,Shangri-La Valley,The Tramway,San Jacinto Mountains,California,33.81621,-116.64891999999999
291,-1.0,Death Arete,Boulder,V0,1,12.0,,Swiss Cheese Boulder,The Beach,Shangri-La Valley,The Tramway,San Jacinto Mountains,California,33.81589,-116.64948000000001
292,-1.0,Life Arete,Boulder,V0,1,12.0,,Poorman's Slashface Boulder,The Beach,Shangri-La Valley,The Tramway,San Jacinto Mountains,California,33.81589,-116.64948000000001
293,1.7,Limbo,Boulder,V2,1,10.0,,Poorman's Slashface Boulder,The Beach,Shangri-La Valley,The Tramway,San Jacinto Mountains,California,33.81589,-116.64948000000001
294,2.0,Humpin' the Whale,Boulder,V3,1,7.0,,Poorman's Slashface Boulder,The Beach,Shangri-La Valley,The Tramway,San Jacinto Mountains,California,33.81589,-116.64948000000001
295,2.6,Red Spark,Boulder,V5-6,1,12.0,,Poorman's Slashface Boulder,The Beach,Shangri-La Valley,The Tramway,San Jacinto Mountains,California,33.816359999999996,-116.64888
296,2.8,Blue Flame,Boulder,V7,1,10.0,,Poorman's Slashface Boulder,The Beach,Shangri-La Valley,The Tramway,San Jacinto Mountains,California,33.816359999999996,-116.64888
297,2.0,The Cackler,Boulder,V9,1,8.0,,Poorman's Slashface Boulder,The Beach,Shangri-La Valley,The Tramway,San Jacinto Mountains,California,33.816359999999996,-116.64888
298,4.0,Stretch Armstrong,Boulder,V10,1,12.0,,Railer Boulder,The Beach,Shangri-La Valley,The Tramway,San Jacinto Mountains,California,33.816359999999996,-116.64888
299,-1.0,Black Mamba,Boulder,V12,1,12.0,,Methane Boulder,The Beach,Shangri-La Valley,The Tramway,San Jacinto Mountains,California,33.816359999999996,-116.64888
300,2.4,The Outcast (aka Don's Dyno),Boulder,V5,1,8.0,,Methane Boulder,The Beach,Shangri-La Valley,The Tramway,San Jacinto Mountains,California,33.81657,-116.6482
301,1.2,Paul's Cock,Boulder,V3-,1,8.0,,Methane Boulder,The Beach,Shangri-La Valley,The Tramway,San Jacinto Mountains,California,33.81671,-116.64838999999999
303,2.6,Paul Rocks,Boulder,V4,1,10.0,,Methane Boulder,The Beach,Shangri-La Valley,The Tramway,San Jacinto Mountains,California,33.81671,-116.64838999999999
304,2.1,Tram Pass,Boulder,V2-3,1,8.0,,Obe Boulder,The Beach,Shangri-La Valley,The Tramway,San Jacinto Mountains,California,33.81678,-116.64791000000001
305,1.8,Reverse Traverse,Boulder,V4,1,12.0,,Obe Boulder,The Beach,Shangri-La Valley,The Tramway,San Jacinto Mountains,California,33.81678,-116.64791000000001
306,2.4,Memory Loss,Boulder,V6,1,10.0,,Obe Boulder,The Beach,Shangri-La Valley,The Tramway,San Jacinto Mountains,California,33.81678,-116.64791000000001
307,2.4,Tramslot Traverse,Boulder,V7,1,10.0,,Conspiracy Boulder,The Beach,Shangri-La Valley,The Tramway,San Jacinto Mountains,California,33.81678,-116.64791000000001
308,3.0,Annual Pass AKA Ass Drag Traverse,Boulder,V7-8,1,12.0,,Conspiracy Boulder,The Beach,Shangri-La Valley,The Tramway,San Jacinto Mountains,California,33.81678,-116.64791000000001
309,2.0,Moonwalker,Boulder,V3,1,15.0,,Conspiracy Boulder,The Beach,Shangri-La Valley,The Tramway,San Jacinto Mountains,California,33.81664,-116.64806999999999
310,2.0,Hinge,Boulder,V3,1,15.0,,Dyke Boulder,The Beach,Shangri-La Valley,The Tramway,San Jacinto Mountains,California,33.81664,-116.64806999999999
311,1.3,Wonder Twin,Boulder,V-easy,1,10.0,,Hold Your Fire Boulder,The Beach,Shangri-La Valley,The Tramway,San Jacinto Mountains,California,33.81664,-116.64806999999999
312,1.6,Poorman's Slashface,Boulder,V0,1,10.0,,Sharma Boulder,The Beach,Shangri-La Valley,The Tramway,San Jacinto Mountains,California,33.81664,-116.64806999999999
313,1.8,Poorman's Traverse,Boulder,V1,1,15.0,,Sharma Boulder,The Beach,Shangri-La Valley,The Tramway,San Jacinto Mountains,California,33.81664,-116.64806999999999
314,1.7,Plastic Man,Boulder,V1,1,10.0,,Rotten Roof Boulder,The Beach,Shangri-La Valley,The Tramway,San Jacinto Mountains,California,33.81664,-116.64806999999999
315,1.4,Green Lantern,Boulder,V1+,1,9.0,,Llama Boulder,The Beach,Shangri-La Valley,The Tramway,San Jacinto Mountains,California,33.81664,-116.64806999999999
316,1.4,Crossfire,Boulder,V3-,1,9.0,,Glass Boulder,Boardwalk Area,Shangri-La Valley,The Tramway,San Jacinto Mountains,California,33.81664,-116.64806999999999
317,2.5,Railer,Boulder,V3,1,10.0,,Glass Boulder,Boardwalk Area,Shangri-La Valley,The Tramway,San Jacinto Mountains,California,33.81751,-116.64752
318,2.0,Propane,Boulder,V2,1,8.0,,Glass Boulder,Boardwalk Area,Shangri-La Valley,The Tramway,San Jacinto Mountains,California,33.81669,-116.64831000000001
319,2.0,Methane Direct,Boulder,V4,1,10.0,,Glass Boulder,Boardwalk Area,Shangri-La Valley,The Tramway,San Jacinto Mountains,California,33.81669,-116.64831000000001
320,2.6,Methane,Boulder,V5,1,15.0,,Glass Boulder,Boardwalk Area,Shangri-La Valley,The Tramway,San Jacinto Mountains,California,33.81669,-116.64831000000001
321,2.0,Methamphetamine,Boulder,V7,1,14.0,,Glass Boulder,Boardwalk Area,Shangri-La Valley,The Tramway,San Jacinto Mountains,California,33.81669,-116.64831000000001
322,1.0,Meth Lab,Boulder,V9,1,25.0,Boardwalk Boulder - NW Face,Boardwalk Boulder,Boardwalk Area,Shangri-La Valley,The Tramway,San Jacinto Mountains,California,33.81669,-116.64831000000001
323,3.0,Obe Problem Direct,Boulder,V4,1,15.0,Boardwalk Boulder - NW Face,Boardwalk Boulder,Boardwalk Area,Shangri-La Valley,The Tramway,San Jacinto Mountains,California,33.81725,-116.64806000000002
324,2.0,Obe Problem Right,Boulder,V5-6,1,15.0,Boardwalk Boulder - NW Face,Boardwalk Boulder,Boardwalk Area,Shangri-La Valley,The Tramway,San Jacinto Mountains,California,33.81725,-116.64806000000002
325,3.0,Dragonfly,Boulder,V6,1,10.0,Boardwalk Boulder - NW Face,Boardwalk Boulder,Boardwalk Area,Shangri-La Valley,The Tramway,San Jacinto Mountains,California,33.81725,-116.64806000000002
326,3.0,All Seeing Eye of the Great Architect of the Universe,Boulder,V2,1,15.0,Boardwalk Boulder - SE Face,Boardwalk Boulder,Boardwalk Area,Shangri-La Valley,The Tramway,San Jacinto Mountains,California,33.818059999999996,-116.64636999999999
327,4.0,Illuminatrix,Boulder,V4 PG13,1,13.0,Boardwalk Boulder - SE Face,Boardwalk Boulder,Boardwalk Area,Shangri-La Valley,The Tramway,San Jacinto Mountains,California,33.818059999999996,-116.64636999999999
328,2.6,Free Mason,Boulder,V5,1,14.0,Boardwalk Boulder - SE Face,Boardwalk Boulder,Boardwalk Area,Shangri-La Valley,The Tramway,San Jacinto Mountains,California,33.818059999999996,-116.64636999999999
329,2.5,Carribean Cocktail,Boulder,V2,1,10.0,,Uphill Glass Boulder,Boardwalk Area,Shangri-La Valley,The Tramway,San Jacinto Mountains,California,33.81664,-116.64806999999999
330,2.3,Hold Your Fire,Boulder,V6-7,1,12.0,,Dimit's Boulder,Boardwalk Area,Shangri-La Valley,The Tramway,San Jacinto Mountains,California,33.81746,-116.64759
331,3.7,Steep Sharma Arete,Boulder,V9-10,1,12.0,,Unison Rock,Boardwalk Area,Shangri-La Valley,The Tramway,San Jacinto Mountains,California,33.81684,-116.64858999999998
332,-1.0,Devil's Dance,Boulder,V12,1,18.0,,Behind The Boardwalk Boulder,Boardwalk Area,Shangri-La Valley,The Tramway,San Jacinto Mountains,California,33.81684,-116.64858999999998
334,2.3,Roof Problem,Boulder,V1,1,7.0,,The Bermuda Triangle Boulder,Boardwalk Area,Shangri-La Valley,The Tramway,San Jacinto Mountains,California,33.81684,-116.64837
335,4.0,Ride the Llama,Boulder,V3-,1,8.0,,The Bermuda Triangle Boulder,Boardwalk Area,Shangri-La Valley,The Tramway,San Jacinto Mountains,California,33.81685,-116.64787
336,2.0,Glass Jugs,Boulder,V-easy,1,16.0,,Aquaman Boulder,Boardwalk Area,Shangri-La Valley,The Tramway,San Jacinto Mountains,California,33.81722,-116.64883999999999
337,2.9,Glass Traverse,Boulder,V-easy,1,25.0,,Aquaman Boulder,Boardwalk Area,Shangri-La Valley,The Tramway,San Jacinto Mountains,California,33.81722,-116.64883999999999
338,2.0,Heart of Glass,Boulder,V-easy,1,16.0,,Dead Tree Boulder,The Alcove,Shangri-La Valley,The Tramway,San Jacinto Mountains,California,33.81722,-116.64883999999999
339,2.6,Glass Direct,Boulder,V0,1,16.0,,Slab Boulder,The Alcove,Shangri-La Valley,The Tramway,San Jacinto Mountains,California,33.81722,-116.64883999999999
340,2.6,Glass Indirect,Boulder,V2,1,16.0,,Slab Boulder,The Alcove,Shangri-La Valley,The Tramway,San Jacinto Mountains,California,33.81722,-116.64883999999999
341,2.0,Glass Slippers,Boulder,V4,1,10.0,,Citrus Boulder,The Alcove,Shangri-La Valley,The Tramway,San Jacinto Mountains,California,33.81722,-116.64883999999999
342,2.8,Over the Boardwalk,Boulder,V7,1,12.0,,Time Boulder,The Alcove,Shangri-La Valley,The Tramway,San Jacinto Mountains,California,33.81738,-116.64868
343,4.0,Left Hand of Darkness,Boulder,V9,1,12.0,,Time Boulder,The Alcove,Shangri-La Valley,The Tramway,San Jacinto Mountains,California,33.81738,-116.64868
344,2.0,Soul Shine,Boulder,V10,1,10.0,,Time Boulder,The Alcove,Shangri-La Valley,The Tramway,San Jacinto Mountains,California,33.81738,-116.64868
345,4.0,The Right Road (aka Soul Darkness),Boulder,V10,1,12.0,,Patriot Boulder,The Alcove,Shangri-La Valley,The Tramway,San Jacinto Mountains,California,33.81738,-116.64868
346,2.0,Catwalk,Boulder,V0,1,15.0,,Patriot Boulder,The Alcove,Shangri-La Valley,The Tramway,San Jacinto Mountains,California,33.81743,-116.64865
347,1.8,Bored Walk,Boulder,V3,1,15.0,,Emerald City,The West Rim,Shangri-La Valley,The Tramway,San Jacinto Mountains,California,33.81743,-116.64865
348,2.0,Under the Boardwalk,Boulder,V5,1,12.0,,Emerald City,The West Rim,Shangri-La Valley,The Tramway,San Jacinto Mountains,California,33.81743,-116.64865
349,1.0,Problem A,Boulder,V2,1,10.0,,Emerald City,The West Rim,Shangri-La Valley,The Tramway,San Jacinto Mountains,California,33.809509999999996,-116.64036999999999
350,1.0,Dimit's Problem,Boulder,V3,1,9.0,,Emerald City,The West Rim,Shangri-La Valley,The Tramway,San Jacinto Mountains,California,33.809509999999996,-116.64036999999999
351,2.7,Electric Eye,Boulder,V3 R,1,20.0,,Emerald City,The West Rim,Shangri-La Valley,The Tramway,San Jacinto Mountains,California,33.81716,-116.6485
352,1.4,Problem A,Boulder,V3,1,8.0,,Cave Passage Boulder,The West Rim,Shangri-La Valley,The Tramway,San Jacinto Mountains,California,33.809509999999996,-116.64036999999999
353,1.5,Problem A,Boulder,V0,1,8.0,,Cave Passage Boulder,The West Rim,Shangri-La Valley,The Tramway,San Jacinto Mountains,California,33.809509999999996,-116.64036999999999
354,2.5,Beige,Boulder,V2,1,14.0,,Oz Boulder,The West Rim,Shangri-La Valley,The Tramway,San Jacinto Mountains,California,33.81723,-116.64991
355,3.0,Blade Runner,Boulder,V4,1,14.0,,Old Boulder,The West Rim,Shangri-La Valley,The Tramway,San Jacinto Mountains,California,33.81723,-116.64991
356,2.4,Aquaman,Boulder,V4,1,10.0,,Old Boulder,The West Rim,Shangri-La Valley,The Tramway,San Jacinto Mountains,California,33.81706,-116.64867
357,1.0,Aquaman Variation,Boulder,V4-5,1,10.0,,Old Boulder,The West Rim,Shangri-La Valley,The Tramway,San Jacinto Mountains,California,33.81706,-116.64867
358,3.1,Power Windows,Boulder,V6,1,15.0,,Young Boulder,The West Rim,Shangri-La Valley,The Tramway,San Jacinto Mountains,California,33.816140000000004,-116.64795
359,2.6,Slabarific,Boulder,V1,1,15.0,,Young Boulder,The West Rim,Shangri-La Valley,The Tramway,San Jacinto Mountains,California,33.81615,-116.64778999999999
360,1.0,Slabalicious,Boulder,V2,1,12.0,,Young Boulder,The West Rim,Shangri-La Valley,The Tramway,San Jacinto Mountains,California,33.81615,-116.64778999999999
361,1.0,Tangerine,Boulder,V0,1,8.0,,Young Boulder,The West Rim,Shangri-La Valley,The Tramway,San Jacinto Mountains,California,33.81613,-116.64785
362,1.7,Somewhere In Time,Boulder,V0 PG13,1,15.0,,Young Boulder,The West Rim,Shangri-La Valley,The Tramway,San Jacinto Mountains,California,33.81622,-116.64778000000001
363,1.0,Problem A,Boulder,V2,1,12.0,,Young Boulder,The West Rim,Shangri-La Valley,The Tramway,San Jacinto Mountains,California,33.81622,-116.64778000000001
364,2.8,Time Stands Still,Boulder,V4 PG13,1,18.0,,Young Boulder,The West Rim,Shangri-La Valley,The Tramway,San Jacinto Mountains,California,33.81622,-116.64778000000001
365,2.0,The Patriot,Boulder,V2,1,12.0,,Roof Jugs,The West Rim,Shangri-La Valley,The Tramway,San Jacinto Mountains,California,33.81626,-116.64759
366,3.3,Tomahawk,Boulder,V5+,1,12.0,,Roof Jugs,The West Rim,Shangri-La Valley,The Tramway,San Jacinto Mountains,California,33.81626,-116.64759
367,2.5,Problem A,Boulder,V0,1,20.0,,Quartz Boulder,The West Rim,Shangri-La Valley,The Tramway,San Jacinto Mountains,California,33.81759,-116.64934
368,3.8,Emerald City,Boulder,V0 PG13,1,20.0,,The East Rim,,Shangri-La Valley,The Tramway,San Jacinto Mountains,California,33.81759,-116.64934
369,2.5,Problem B,Boulder,V1 R,1,13.0,,The East Rim,,Shangri-La Valley,The Tramway,San Jacinto Mountains,California,33.81759,-116.64934
370,3.6,Tri-Nitro-Toulumne,Boulder,V3 PG13,1,20.0,,The All Day Boulder,,Kung Fu Canyon,The Tramway,San Jacinto Mountains,California,33.81759,-116.64934
371,4.0,House of Pain,Boulder,V6,1,20.0,,The All Day Boulder,,Kung Fu Canyon,The Tramway,San Jacinto Mountains,California,33.81759,-116.64934
372,2.0,Ruby Slippers,Boulder,V0+,1,10.0,,The All Day Boulder,,Kung Fu Canyon,The Tramway,San Jacinto Mountains,California,33.818000000000005,-116.64916000000001
373,2.0,Problem A,Boulder,V3+,1,9.0,,The All Day Boulder,,Kung Fu Canyon,The Tramway,San Jacinto Mountains,California,33.818000000000005,-116.64916000000001
374,1.0,Toto or Dorothy?,Boulder,V3,1,15.0,,The All Day Boulder,,Kung Fu Canyon,The Tramway,San Jacinto Mountains,California,33.818000000000005,-116.64916000000001
375,1.0,Problem A,Boulder,V-easy,1,12.0,,The All Day Boulder,,Kung Fu Canyon,The Tramway,San Jacinto Mountains,California,33.818000000000005,-116.64916000000001
376,2.0,Old's Cool,Boulder,V-easy,1,12.0,,The All Day Boulder,,Kung Fu Canyon,The Tramway,San Jacinto Mountains,California,33.818000000000005,-116.64916000000001
377,2.0,Problem B,Boulder,V0,1,11.0,,The All Day Boulder,,Kung Fu Canyon,The Tramway,San Jacinto Mountains,California,33.818000000000005,-116.64916000000001
378,1.5,Problem C,Boulder,V-easy,1,10.0,,The All Day Boulder,,Kung Fu Canyon,The Tramway,San Jacinto Mountains,California,33.818000000000005,-116.64916000000001
379,1.0,Cracked Egg,Boulder,V0- PG13,1,13.0,,The All Day Boulder,,Kung Fu Canyon,The Tramway,San Jacinto Mountains,California,33.818000000000005,-116.64916000000001
380,2.0,Problem B,Boulder,V0,1,8.0,,Game of Death Boulder,,Kung Fu Canyon,The Tramway,San Jacinto Mountains,California,33.818000000000005,-116.64916000000001
381,2.0,Problem A,Boulder,V1,1,8.0,,Game of Death Boulder,,Kung Fu Canyon,The Tramway,San Jacinto Mountains,California,33.818000000000005,-116.64916000000001
382,3.0,Cracked Patina,Boulder,V1 PG13,1,13.0,,Game of Death Boulder,,Kung Fu Canyon,The Tramway,San Jacinto Mountains,California,33.818000000000005,-116.64916000000001
383,2.0,Problem A Sit Start,Boulder,V3,1,8.0,,Game of Death Boulder,,Kung Fu Canyon,The Tramway,San Jacinto Mountains,California,33.818000000000005,-116.64916000000001
384,3.4,Only The Good Die Young,Boulder,V6,1,14.0,,Roll the Bones Boulder,,Kung Fu Canyon,The Tramway,San Jacinto Mountains,California,33.818000000000005,-116.64916000000001
385,3.0,Roof Jugs,Boulder,V2,1,20.0,,Roll the Bones Boulder,,Kung Fu Canyon,The Tramway,San Jacinto Mountains,California,33.81779,-116.64913999999999
386,2.8,Roof Jugs Variation,Boulder,V3,1,16.0,,Roll the Bones Boulder,,Kung Fu Canyon,The Tramway,San Jacinto Mountains,California,33.81779,-116.64913999999999
387,2.0,But of Quartz,Boulder,V2,1,12.0,,Mortal Kombat Boulder,,Kung Fu Canyon,The Tramway,San Jacinto Mountains,California,33.81757,-116.64966000000001
388,3.0,Envy,Boulder,V5,1,12.0,,Mortal Kombat Boulder,,Kung Fu Canyon,The Tramway,San Jacinto Mountains,California,33.81518,-116.64567
389,3.3,The Barefoot Sharma Arete,Boulder,V8,1,10.0,,Fists of Fury Boulder,,Kung Fu Canyon,The Tramway,San Jacinto Mountains,California,33.81518,-116.64567
390,1.0,Kung Fu Panda,Boulder,V-easy,1,10.0,,Enter the Dragon Boulder,,Kung Fu Canyon,The Tramway,San Jacinto Mountains,California,33.81167,-116.64831000000001
391,1.0,Problem A,Boulder,V0,1,8.0,,Enter the Dragon Boulder,,Kung Fu Canyon,The Tramway,San Jacinto Mountains,California,33.81167,-116.64831000000001
392,1.5,Wu Tang Clan,Boulder,V0,1,15.0,,Enter the Dragon Boulder,,Kung Fu Canyon,The Tramway,San Jacinto Mountains,California,33.81167,-116.64831000000001
393,2.0,Jet Li,Boulder,V0 R,1,8.0,,Warm Up boulder,,Kung Fu Canyon,The Tramway,San Jacinto Mountains,California,33.81167,-116.64831000000001
394,1.8,Chai Tea,Boulder,V1+,1,15.0,,House Boulder,,Kung Fu Canyon,The Tramway,San Jacinto Mountains,California,33.81167,-116.64831000000001
395,1.4,Thai Chi,Boulder,V2,1,15.0,,Butt Dragon Boulder,,Kung Fu Canyon,The Tramway,San Jacinto Mountains,California,33.81167,-116.64831000000001
396,1.7,Kung Fu Grip,Boulder,V3+,1,15.0,,Butt Dragon Boulder,,Kung Fu Canyon,The Tramway,San Jacinto Mountains,California,33.81167,-116.64831000000001
397,2.0,Don's Overhang,Boulder,V4,1,12.0,,Butt Dragon Boulder,,Kung Fu Canyon,The Tramway,San Jacinto Mountains,California,33.81167,-116.64831000000001
398,2.2,The One,Boulder,V6,1,8.0,,Flying Guillotine Boulder,,Kung Fu Canyon,The Tramway,San Jacinto Mountains,California,33.81167,-116.64831000000001
399,2.5,Paper Dragon,Boulder,V10,1,8.0,,Flying Guillotine Boulder,,Kung Fu Canyon,The Tramway,San Jacinto Mountains,California,33.81167,-116.64831000000001
400,-1.0,Le Mantel,Boulder,V1,1,9.0,,Flying Guillotine Boulder,,Kung Fu Canyon,The Tramway,San Jacinto Mountains,California,33.81175,-116.6484
401,1.5,Raspoutine,Boulder,V2,1,10.0,,Don's Boulder,,Kung Fu Canyon,The Tramway,San Jacinto Mountains,California,33.81175,-116.6484
402,2.9,Game of Death,Boulder,V4,1,15.0,,Don's Boulder,,Kung Fu Canyon,The Tramway,San Jacinto Mountains,California,33.81175,-116.6484
403,1.0,A Kingdom in a Princess,Boulder,V6,1,8.0,,Don's Boulder,,Kung Fu Canyon,The Tramway,San Jacinto Mountains,California,33.81175,-116.6484
404,1.5,Snake Eyes Direct,Boulder,V2,1,6.0,,Tooth Fairy Boulder,,Year of the Cat Gully,The Tramway,San Jacinto Mountains,California,33.8129,-116.6492
405,2.1,Snake Eyes,Boulder,V4,1,9.0,,Tooth Fairy Boulder,,Year of the Cat Gully,The Tramway,San Jacinto Mountains,California,33.8129,-116.6492
406,2.0,Roll the Bones,Boulder,V6,1,8.0,,Tooth Fairy Boulder,,Year of the Cat Gully,The Tramway,San Jacinto Mountains,California,33.8129,-116.6492
407,1.7,Rumble in the Bronx,Boulder,V1,1,8.0,,iMac Boulder,,Year of the Cat Gully,The Tramway,San Jacinto Mountains,California,33.81261,-116.64912
409,2.0,Mortal Kombat,Boulder,V5,1,10.0,,Tetrys Boulder,,Year of the Cat Gully,The Tramway,San Jacinto Mountains,California,33.81261,-116.64912
411,2.5,Fists of Fury,Boulder,V7-8,1,8.0,,Shoe Slab,,Year of the Cat Gully,The Tramway,San Jacinto Mountains,California,33.81244,-116.64926000000001
412,1.0,Exit the Tiger,Boulder,V2,1,7.0,,Shoe Slab,,Year of the Cat Gully,The Tramway,San Jacinto Mountains,California,33.81266,-116.64916000000001
413,-1.0,Unnamed V4,Boulder,V4,1,7.0,,Year of the Cat Boulder,,Year of the Cat Gully,The Tramway,San Jacinto Mountains,California,33.81266,-116.64916000000001
414,2.0,Enter the Dragon,Boulder,V5,1,7.0,,Year of the Cat Boulder,,Year of the Cat Gully,The Tramway,San Jacinto Mountains,California,33.81266,-116.64916000000001
415,1.0,Unknown (Chuck Norris),Boulder,V0-1,1,10.0,,Matt Hotch Boulder,,Year of the Cat Gully,The Tramway,San Jacinto Mountains,California,33.81231,-116.64888
417,2.5,House Kung Fu,Boulder,V5-6,1,12.0,,Greasefire Boulder,,Area 51/Deer Canyon,The Tramway,San Jacinto Mountains,California,33.81167,-116.64828999999999
418,2.0,Unnamed,Boulder,V0,1,10.0,,Greasefire Boulder,,Area 51/Deer Canyon,The Tramway,San Jacinto Mountains,California,33.81207,-116.64888
419,2.0,Unnamed Traverse,Boulder,V1,1,7.0,,Greasefire Boulder,,Area 51/Deer Canyon,The Tramway,San Jacinto Mountains,California,33.81207,-116.64888
420,2.0,Butt Dragon Traverse,Boulder,V3,1,10.0,,Greasefire Boulder,,Area 51/Deer Canyon,The Tramway,San Jacinto Mountains,California,33.81207,-116.64888
421,2.0,False Guillotine,Boulder,V3,1,8.0,,Greasefire Boulder,,Area 51/Deer Canyon,The Tramway,San Jacinto Mountains,California,33.81207,-116.64853000000001
422,1.0,Unnamed,Boulder,V4,1,8.0,,Greasefire Boulder,,Area 51/Deer Canyon,The Tramway,San Jacinto Mountains,California,33.81207,-116.64853000000001
423,2.0,Flying Guillotine,Boulder,V6+,1,8.0,,Yo Picasso (aka Sunshine Daydream) Boulder,,Area 51/Deer Canyon,The Tramway,San Jacinto Mountains,California,33.81207,-116.64853000000001
424,1.0,Unnamed,Boulder,V-easy,1,10.0,,Velvet Fog boulder,,Area 51/Deer Canyon,The Tramway,San Jacinto Mountains,California,33.81195,-116.64778000000001
425,2.0,Unnamed,Boulder,V1,1,10.0,,Velvet Fog boulder,,Area 51/Deer Canyon,The Tramway,San Jacinto Mountains,California,33.81195,-116.64778000000001
426,3.0,Don's Throw,Boulder,V6,1,10.0,,Velvet Fog boulder,,Area 51/Deer Canyon,The Tramway,San Jacinto Mountains,California,33.81195,-116.64778000000001
427,1.0,Tooth or Dare,Boulder,V-easy,1,15.0,,Kinesthesia,,Area 51/Deer Canyon,The Tramway,San Jacinto Mountains,California,33.81422,-116.65105
428,1.0,Tooth Hurty,Boulder,V-easy,1,12.0,,The Mobius,,Area 51/Deer Canyon,The Tramway,San Jacinto Mountains,California,33.81422,-116.65105
429,2.6,Tooth Fairy,Boulder,V5-6,1,12.0,,Duke Boulder,,Area 51/Deer Canyon,The Tramway,San Jacinto Mountains,California,33.81422,-116.65105
430,3.0,iMac,Boulder,V4,1,20.0,,Todd's Hand Boulder,,Area 51/Deer Canyon,The Tramway,San Jacinto Mountains,California,33.823640000000005,-116.63888
431,2.7,Tetrys,Boulder,V1,1,12.0,,Todd's Hand Boulder,,Area 51/Deer Canyon,The Tramway,San Jacinto Mountains,California,33.814640000000004,-116.6519
432,2.7,Tetrys Right,Boulder,V2,1,12.0,,Cockroach Boulder,,The Icebergs,The Tramway,San Jacinto Mountains,California,33.814640000000004,-116.6519
433,2.0,Not a Flowmaster,Boulder,V5+,1,12.0,,Cockroach Boulder,,The Icebergs,The Tramway,San Jacinto Mountains,California,33.814640000000004,-116.6519
434,2.2,Shoe Slab,Boulder,V-easy,1,15.0,,Iceberg 3,,The Icebergs,The Tramway,San Jacinto Mountains,California,33.823640000000005,-116.63888
435,1.0,S.A.P.,Boulder,V1,1,10.0,,Iceberg 3,,The Icebergs,The Tramway,San Jacinto Mountains,California,33.823640000000005,-116.63888
436,2.6,The Persistance of Time (aka The Undone Marc Roth Project),Boulder,V5-6,1,15.0,,Iceberg 3,,The Icebergs,The Tramway,San Jacinto Mountains,California,33.81414,-116.65078999999999
437,2.5,Year of the Cat,Boulder,V9-10,1,12.0,,Iceberg 3,,The Icebergs,The Tramway,San Jacinto Mountains,California,33.81414,-116.65078999999999
438,-1.0,Unnamed V1,Boulder,V1,1,12.0,,Iceberg 3,,The Icebergs,The Tramway,San Jacinto Mountains,California,33.81436,-116.65098
439,3.0,The Matt Hotch Problem,Boulder,V9,1,12.0,,Iceberg 1,,The Icebergs,The Tramway,San Jacinto Mountains,California,33.81436,-116.65098
441,2.1,Problem C,Boulder,V2,1,10.0,,Iceberg 2,,The Icebergs,The Tramway,San Jacinto Mountains,California,33.81467,-116.6505
442,2.3,Problem A,Boulder,V3,1,10.0,,Iceberg 2,,The Icebergs,The Tramway,San Jacinto Mountains,California,33.81467,-116.6505
443,2.4,Problem B,Boulder,V3,1,10.0,,Iceberg 2,,The Icebergs,The Tramway,San Jacinto Mountains,California,33.81467,-116.6505
444,2.0,Imperfect Circle,Boulder,V5,1,8.0,,Iceberg 2,,The Icebergs,The Tramway,San Jacinto Mountains,California,33.81467,-116.6505
445,2.0,Greasefire - Right Variation,Boulder,V5,1,15.0,,Iceberg 2,,The Icebergs,The Tramway,San Jacinto Mountains,California,33.81467,-116.6505
446,3.2,Greasefire,Boulder,V6,1,15.0,,Iceberg 2,,The Icebergs,The Tramway,San Jacinto Mountains,California,33.81467,-116.6505
447,3.7,Sunshine Daydream (aka Yo Picasso),Boulder,V4,1,16.0,,Iceberg 2,,The Icebergs,The Tramway,San Jacinto Mountains,California,33.81537,-116.65012
448,3.0,Velvet Fog,Boulder,V3,1,12.0,,Iceberg 2,,The Icebergs,The Tramway,San Jacinto Mountains,California,33.8151,-116.65088
449,2.5,Marc's Variation,Boulder,V4,1,12.0,,Iceberg 2,,The Icebergs,The Tramway,San Jacinto Mountains,California,33.8151,-116.65088
450,2.0,Unnamed,Boulder,V4,1,12.0,,Iceberg 2,,The Icebergs,The Tramway,San Jacinto Mountains,California,33.8151,-116.65088
451,2.0,Holez,Boulder,V0,1,16.0,,Iceberg 2,,The Icebergs,The Tramway,San Jacinto Mountains,California,33.81657,-116.65141000000001
455,2.0,The Mobius Direct,Boulder,V5,1,8.0,,Accordian Boulder,,The Icebergs,The Tramway,San Jacinto Mountains,California,33.81644,-116.65103
456,2.0,Thin White Duke,Boulder,V2,1,12.0,,White Face Boulder,Iceberg West,The Icebergs,The Tramway,San Jacinto Mountains,California,33.81642,-116.65141000000001
457,2.0,The Right Hand of Todd,Boulder,V2+,1,10.0,,White Face Boulder,Iceberg West,The Icebergs,The Tramway,San Jacinto Mountains,California,33.816309999999994,-116.65066999999999
458,2.0,The Left Hand of Todd,Boulder,V3,1,10.0,,White Face Boulder,Iceberg West,The Icebergs,The Tramway,San Jacinto Mountains,California,33.816309999999994,-116.65066999999999
459,3.4,Year of the Cockroach,Boulder,V5+,1,15.0,,Quartz Face Boulder,Iceberg West,The Icebergs,The Tramway,San Jacinto Mountains,California,33.81416,-116.65263999999999
460,3.5,For the Love of Basic Cable (I <3 Cable),Boulder,V9,1,20.0,,Quartz Face Boulder,Iceberg West,The Icebergs,The Tramway,San Jacinto Mountains,California,33.81416,-116.65263999999999
461,2.2,Iceberg Arete Direct,Boulder,V1,1,12.0,,Quartz Face Boulder,Iceberg West,The Icebergs,The Tramway,San Jacinto Mountains,California,33.81446,-116.65321000000002
462,1.5,Go with the Floe,Boulder,V1,1,12.0,,Split Rock,Iceberg West,The Icebergs,The Tramway,San Jacinto Mountains,California,33.81446,-116.65321000000002
463,3.0,Iceberg Arete,Boulder,V2,1,20.0,,Grand Traverse,Iceberg West,The Icebergs,The Tramway,San Jacinto Mountains,California,33.81446,-116.65321000000002
464,2.7,Buddha Belly,Boulder,V5,1,12.0,,The Destroyer,Iceberg West,The Icebergs,The Tramway,San Jacinto Mountains,California,33.81446,-116.65321000000002
465,3.0,Science Fiction,Boulder,V10,1,8.0,,The Destroyer,Iceberg West,The Icebergs,The Tramway,San Jacinto Mountains,California,33.81446,-116.65321000000002
466,3.1,Crack-O-Pop,Boulder,V5,1,12.0,,Patina Boulder,Iceberg West,The Icebergs,The Tramway,San Jacinto Mountains,California,33.81467,-116.65288000000001
467,2.0,The Undone Greg Loh Project,Boulder,V8,1,15.0,,Patina Boulder,Iceberg West,The Icebergs,The Tramway,San Jacinto Mountains,California,33.81467,-116.65288000000001
468,1.0,Unnamed,Boulder,V0,1,10.0,,Donkey boulder,,The Icebergs,The Tramway,San Jacinto Mountains,California,33.8145,-116.65299999999999
469,1.0,Flex,Boulder,V1,1,12.0,,Pancake House,,The Edge of Nowhere,The Tramway,San Jacinto Mountains,California,33.8145,-116.65299999999999
470,2.0,Unnamed,Boulder,V2-,1,10.0,,Pancake House,,The Edge of Nowhere,The Tramway,San Jacinto Mountains,California,33.8145,-116.65299999999999
471,2.0,Unnamed,Boulder,V2-,1,10.0,,Salamander Boulder,,The Edge of Nowhere,The Tramway,San Jacinto Mountains,California,33.8145,-116.65299999999999
472,3.0,Unnamed,Boulder,V2,1,10.0,,Salamander Boulder,,The Edge of Nowhere,The Tramway,San Jacinto Mountains,California,33.8145,-116.65299999999999
473,1.8,Unnamed V4,Boulder,V4,1,12.0,,Pit Boss Boulder,,The Edge of Nowhere,The Tramway,San Jacinto Mountains,California,33.8145,-116.65299999999999
474,2.0,Dyno Problem,Boulder,V4,1,12.0,,Arabian Battle Trill Boulder,,The Edge of Nowhere,The Tramway,San Jacinto Mountains,California,33.8145,-116.65299999999999
475,3.0,Clubbing Baby Seals,Boulder,V5,1,10.0,,Medusa Boulder,,The Edge of Nowhere,The Tramway,San Jacinto Mountains,California,33.8145,-116.65299999999999
476,2.7,Unnamed v6,Boulder,V6,1,10.0,,Medusa Boulder,,The Edge of Nowhere,The Tramway,San Jacinto Mountains,California,33.8145,-116.65299999999999
477,2.1,Greenpeace (Stand),Boulder,V8,1,10.0,,Cracked Boulder,,The Edge of Nowhere,The Tramway,San Jacinto Mountains,California,33.8145,-116.65299999999999
